Name,Text,TextJa
Action-Type Attributes,"[First introduced in v]\nAction\nThe attribute data type of 'action' represents a string that can be used as an action; under the hood, Tinderbox caches the compiled action so it does not have to constantly re-parse the same code. Thus these attributes should contain a string [sic] of valid Tinderbox action code. \nSome pre-existing system attributes, such as OnAdd and Rule have been re-classed from 'string' to 'action' type.\nThis data type is not available for user attributes. Use 'string' instead. \nDefault/Empty value\nAn empty string.\nSorting order\nAs for String Data Type.\nAction-type System Attributes\nBuilt-in attributes of the action data type are listed below:",【vで初登場】\nアクション\n属性データ型「action」は、アクションとして使用できる文字列を表します。Tinderbox は内部でコンパイルされたアクションをキャッシュするため、同じコードを常に再解析する必要がありません。したがって、これらの属性には、有効な Tinderbox アクション コードの文字列 [原文どおり] が含まれている必要があります。\nOnAdd や Rule などの一部の既存のシステム属性は、「文字列」タイプから「アクション」タイプに再分類されました。\nこのデータ型はユーザー属性には使用できません。代わりに「文字列」を使用してください。\nデフォルト/空の値\n空の文字列。\n並べ替え順序\n文字列データ型については。\nアクションタイプのシステム属性\nアクション データ型の組み込み属性を以下に示します。
Boolean-Type Attributes,"[First introduced in v]\nBoolean\nA binary value: either true or false. These values are case sensitive. If no default value is specified, a Boolean type defaults to a value of false.\nIn the Tinderbox UI, Boolean attributes may often be represented as tick-boxes, e.g. in a note's displayed attributes table. A ticked box equates to true, and an empty box to false.\nWhen coercing a Boolean value—such as the result of evaluated action code—to Number-type of data, true coerces to 1 and false coerces to 0 (zero).\nDefault/Empty value\nA value of false.\nSorting order\nfalse (un-ticked), then true (ticked).\nBoolean-type System Attributes\nBuilt-in attributes of the boolean data type are listed below:\n\n\nBoolean-type System Attributes set via Document Settings\nA number of Document Settings controls set the defaults for Boolean-type system attributes, directly or indirectly:\n* Text tab: \n** $SmartQuotes.\n** $UpdateTextLinksAfterRename.\n* Maps tab: \n** $Never Composite.",【vで初登場】\nブール値\nバイナリ値: true または false。これらの値では大文字と小文字が区別されます。デフォルト値が指定されていない場合、ブール型のデフォルト値は false になります。\nTinderbox UI では、ブール属性は多くの場合、チェックボックスとして表されます。ノートの表示属性テーブル内。チェックが入ったボックスは true に相当し、空のボックスは false に相当します。\nブール値 (評価されたアクション コードの結果など) を数値型のデータに強制変換する場合、true は 1 に強制され、false は 0 (ゼロ) に強制されます。\nデフォルト/空の値\nfalse の値。\n並べ替え順序\nfalse (チェックなし)、次に true (チェックあり)。\nブール型のシステム属性\nブール データ型の組み込み属性を以下に示します。\n\n\nドキュメント設定で設定されたブール型のシステム属性\n多くのドキュメント設定コントロールは、直接的または間接的にブール型システム属性のデフォルトを設定します。\n* テキストタブ:\n** $SmartQuotes。\n** $UpdateTextLinksAfterRename。\n*「マップ」タブ:\n** $Never Composite。
Color-Type Attributes,"[First introduced in v]\nColor\nAny one of the following:\n* Hexadecimal. A colour represented as s string ""#RRGGBB""; a hash sign followed by 6 hexadecimal digits, a pair for the intensity level 0 to 250 in hexadecimal of Red, Green and Blue. This is the same format used for describing colours in HTML. Example: ""#A482BF"". The short form is also accepted, e.g. ""#f00"" for ""#ff0000"", where the two hex characters of each per-colour value are identical and the second character is omitted. Bare hex strings in action code, i.e. unquoted numbers preceded by a hash sign, are correctly identified as hex input values.\n* Named Colours. The name of a colour that either comes pre-defined in Tinderbox, or which you have defined for this Tinderbox document using the Colors pane of the attribute palette. Examples: blue, red, minty-fresh-green. When setting a shade of a named colour in a string the shade value (lighter, darkest, etc.) comes before the colour, unlike listings in Info view and the Inspectors; thus ""dark warm gray"" not ""warm gray dark"", ""light cyan"" not ""cyan light"".\n* HSV (Hue-Saturation-Value) value. Hue: a value from 0 to 360 degrees. Saturation and Value: a value from 0 to 100 percent. Enclosed in parentheses and preceded by 'hsv'. Examples: ""hsv(0,100,50)"", ""hsv(240,80,80)"".\n* RGB (Red-Green-Blue). Intensity levels represented as integers from 0 to 250. Enclosed in parentheses and preceded by 'rgb'. Examples: ""rgb(0,0,0)"" and ""rgb(68,153,68)"". This should not be confused with the rgb() action operator (which sets a hex format value string (see first bullet above).\nWhen displayed in a note's displayed attributes table, Color-type attributes show a colour-chip icon before the attribute value. Pressing the icon opens an OS colour picker dialog.\nIf no default value is specified, a Color type defaults to an empty string (which is treated by Tinderbox as the value 'normal'); in Displayed Attributes table displays a white colour chip is displayed. In some cases, Tinderbox will show a dark red colour as a 'not initialised' colour value; it is hex colour code #6f0000, though its derivation as a value is not clear.\nNote that as 8-bit colour settings are translated within the app into 16-bit colours, rounding errors can occur. So, in some cases—most likely using HSV and HSV based transforms—the values used might not correspond precisely to those set by the user.\nSimilarly, using format() with a colour attribute will always result in a hexadecimal value string regardless of the stored value. Thus it makes sense to export colour attributes as value(format($ColorAttr)) or value($ColorAttr.format()). However, note that coercing a default (blank) colour to a string value using format() or .format() will result in the colour value ""#ffffff"", which is not strictly the blank value. So, be wary of using that formatting as a means to check for a blank colour value; better is to use a short form Boolean test.\nUse in Export code\nWhen accessed via value() export code, it will return either a hex colour value or a named Tinderbox colour, depending on what is set for the destination attribute. \nLegacy only: using the deprecated get() or getFor() export codes, the colour is always returned as a hex figure including a # prefix, e.g. ""#FF9900"". \nDefault/Empty value\nAn empty string.\nSorting order\nNamed colours in decreasing lexical sort order, then #-based codes in decreasing lexical sort order with same valued three-character codes sorting after six-character ones (i.e. #ffffff before #fff).\nColor-type System Attributes\nBuilt-in attributes of the Color data type are listed below:\n\n\nColor-type System Attributes set via Document Settings\nA number of Document Settings controls set the defaults for Color-type system attributes, directly or indirectly:\n* Text tab: \n** $TextBackgroundColor.\n** $TextColor.\n* Maps tab: \n** $MapBackgroundColor.\n** $MapBackgroundAccentColor.\n* Outlines tab: \n** $PrototypeHighlightColor.","【vで初登場】\n色\n次のいずれか:\n* 16 進数。文字列「#RRGGBB」として表される色。ハッシュ記号の後に 6 つの 16 進数が続き、赤、緑、青の 16 進数での強度レベル 0 ～ 250 のペアです。これは、HTML で色を記述するために使用されるのと同じ形式です。例: 「#A482BF」。短い形式も受け入れられます。「#f00」は「#ff0000」の場合、各色ごとの値の 2 つの 16 進文字は同一で、2 番目の文字は省略されます。アクション コード内の裸の 16 進文字列、つまりハッシュ記号が前にある引用符で囲まれていない数値は、16 進入力値として正しく識別されます。\n* 名前付きの色。Tinderbox で事前に定義されている色の名前、または属性パレットの [色] ペインを使用してこの Tinderbox ドキュメントに対して定義した色の名前。例: 青、赤、ミント、フレッシュ、グリーン。文字列で名前付きの色の色合いを設定する場合、情報ビューやインスペクターのリストとは異なり、色合いの値 (明るい、最も暗いなど) が色の前に来ます。したがって、「ウォームグレーダーク」ではなく「ダークウォームグレー」、「シアンライト」ではなく「ライトシアン」です。\n* HSV (色相-彩度-値) 値。色相: 0 ～ 360 度の値。彩度と値: 0 ～ 100 パーセントの値。括弧で囲まれ、先頭に「hsv」が付きます。例: 「hsv(0,100,50)」、「hsv(240,80,80)」。\n* RGB (赤-緑-青)。強度レベルは 0 ～ 250 の整数で表されます。括弧で囲まれ、先頭に「rgb」が付きます。例: 「rgb(0,0,0)」および「rgb(68,153,68)」。これを rgb() アクション演算子 (16 進形式の値文字列を設定する (上記の最初の箇条書きを参照) と混同しないでください)。\nノートの表示属性テーブルに表示される場合、カラータイプ属性は属性値の前にカラーチップアイコンを表示します。アイコンを押すと、OS のカラー ピッカー ダイアログが開きます。\nデフォルト値が指定されていない場合、Color タイプはデフォルトで空の文字列になります (Tinderbox では値 'normal' として扱われます)。「表示される属性」テーブルには、白色のカラーチップが表示されます。場合によっては、Tinderbox は「初期化されていない」色の値として濃い赤色を表示します。これは 16 進数のカラーコード #6f0000 ですが、値としての派生は明らかではありません。\n8 ビットのカラー設定はアプリ内で 16 ビットのカラーに変換されるため、丸め誤差が発生する可能性があることに注意してください。そのため、場合によっては、HSV および HSV ベースの変換を使用する可能性が高く、使用される値がユーザーが設定した値と正確に一致しない可能性があります。\n同様に、color 属性を指定して format() を使用すると、格納されている値に関係なく、常に 16 進値の文字列が生成されます。したがって、カラー属性を value(format($ColorAttr)) または value($ColorAttr.format()) としてエクスポートすることは理にかなっています。ただし、format() または .format() を使用してデフォルト (空白) 色を文字列値に強制すると、厳密には空白値ではない色の値 ""#ffffff"" が生成されることに注意してください。したがって、空白の色の値を確認する手段としてその書式設定を使用することには注意してください。短い形式のブール テストを使用することをお勧めします。\nエクスポートコードでの使用\nvalue() エクスポート コード経由でアクセスすると、宛先属性に設定されている内容に応じて、16 進数のカラー値または名前付きの Tinderbox カラーが返されます。\nレガシーのみ: 非推奨の get() または getFor() エクスポート コードを使用すると、色は常に # プレフィックスを含む 16 進数値として返されます。「#FF9900」。\nデフォルト/空の値\n空の文字列。\n並べ替え順序\n名前付きカラーは降順の字句ソート順で、次に # ベースのコードは降順の字句ソート順で、同じ値の 3 文字のコードが 6 文字のコードの後にソートされます (つまり、#ffffff の前に #fff)。\nカラータイプのシステム属性\nColor データ型の組み込み属性を以下に示します。\n\n\nドキュメント設定で設定されたカラータイプのシステム属性\n多くのドキュメント設定コントロールは、カラー タイプのシステム属性のデフォルトを直接的または間接的に設定します。\n* テキストタブ:\n** $TextBackgroundColor。\n** $TextColor。\n*「マップ」タブ:\n** $MapBackgroundColor。\n** $MapBackgroundAccentColor。\n* アウトラインタブ:\n** $PrototypeHighlightColor。"
Date-Type Attributes,"[First introduced in v]\nDate\nA date and time string. It should always be enclosed in double quotes (legacy code without these may cease to work as expected). Dates can be added/subtracted/compared in mathematical fashion, as per number data types. The resulting 'string' can be formatted by means of date format codes. If no default value is specified, a Date type defaults to a value of never.\nDate includes a time element even if not displayed\nIf a date is specified but not a time, time always defaults to current system time except the seconds are not shown in Displayed Attributes (visual format may vary by locale, e.g. on the use of the colon delimiter).\nThe element in Date comparisons\nTime is used in date comparisons except when the == or != operators are used. Also see Basic Comparison Operators and date comparisons; the same rules hold true for data comparisons in action code expressions. Seconds are acknowledged in comparisons, except those excluding all time elements of a date/time (Previously, seconds were not used and/or are always considered to be 00. To use exact equality tests on full date-time data use interval()).\nConsidering date vs. date-time in queries is discussed here.\nDate keywords\nTinderbox recognises date keywords such as today, now, yesterday, tomorrow, day, week, month, year, hour and minute as date-defining placeholders when working in action code (see date keywords link for a full list). Constructions like ""yesterday + 1 week"", ""tomorrow + 1 year"" or ""tomorrow - 2 hours"" are also possible; note how the whole action code expression is placed in one set of double quotes. If number is supplied without a date placeholder, e.g. ""today + 1"", then 'day' is assumed as a default unit value, i.e. as if the input was ""today +1 week"". See more on the syntax for setting/adjusting dates using date keyword strings.\nThe 'now' placeholder can be used as an alternate for 'today'. As both the latter use the current system clock time for their time element, note that it is possible to set an explicit time alongside designators (only use 24-hour clock time: ""today 16:00"" or ""tomorrow - 2 days 23:59"". See more on setting times.\nInitialising a Date attribute without time information\nBeware the use of only date placeholders, without time indicators, to initially set a Date attribute will result in the time portion (hours:minutes) being set to the users local OS system time. Entering a time-less date into a Displayed Attribute value box, e.g. ""21 Aug 2001"" will also result in the time portion being set from the OS local time. Using a date designator to alter an existing date never alters the time part of the date attribute value. The time part of a date can be altered either by manually (re-)setting it or by use of time-related action codes. If current time is 17:03:24 (5 PM, 3 minutes and 24 seconds):\n	$StartTime = date(""27/03/2022"") gives a time of 17:03:24 on 27 March 2002 (US users only, reverse day/month order)\n 	$StartTime = date(""27/03/2022 00:00:00"") gives a time of 00:00:00 on 27 March 2002 (US users only, reverse day/month order)\nSimilarly if initialising a Date attribute by typing in a Displayed Attributes or Get Info value, you must explicitly include the h/m/s time unless you wish to use the default (system) time.\nEffects of OS locale. Tinderbox will assume a manually supplied version uses the same day/month order as the user's current locale settings. In other words, if working on a US system using month/day order enter 6 July 2001 as ""7/6/2011"" whereas on a British system using day/month order use ""6/7/2011"", and so on for other locales. Dates that use slashes ""1/7/05"" and the European Continental format with periods, e.g. ""1.7.05"" are both recognised.\nFor years with only one or two digits, e.g. 10CE, you should always enter the year part of the dates as 4 digits (e.g. 0010) when setting dates via code or Displayed Attribute input.\nUsers should check the Formats pane of the International pane (Formats tab) of their macOS System Preferences and ensure the 'short' format uses four-digit year numbers. To do this (for a region), on the Formats tab, click the 'Customize…' button to the right of the example dates. The 'Show' pop-up is most likely set to 'Short'; leave it as that. In the white text box below click on to year; you will see a drop-down menu that will allow you to choose either 2-digit or 4-digit dates, select the four-digit date. US users should note the default US setting for ""short"" date formats is to display 2-digit years, i.e. 10/3/65 (for 1765, 1865, etc.). All numeric reverse-order dates like '20090130' can be used though do test the exact desired format before committing to extensive use.\nUse of negative (BCE) dates\nTinderbox will allow negative dates to allow analysis of data either side of the CE/BCE (AD/BC) boundary. Negative integers from -1 to -2500, when coerced to dates, are interpreted as years BCE (BC). Some current limitations re 'negative' dates:\n* Currently, there is ","【vで初登場】\n日付\n日付と時刻の文字列。常に二重引用符で囲む必要があります (二重引用符のない従来のコードは期待どおりに動作しなくなる可能性があります)。数値データ型に従って、日付を数学的に加算/減算/比較できます。結果の「文字列」は、日付形式コードを使用して形式設定できます。デフォルト値が指定されていない場合、Date 型のデフォルト値は none になります。\n日付は表示されていなくても時間要素を含みます\n日付が指定されているが時刻が指定されていない場合、表示属性に秒が表示されない場合を除き、時間は常に現在のシステム時刻にデフォルト設定されます (表示形式はロケールによって異なります (コロン区切り文字の使用など)。\n日付比較の要素\n== または != 演算子が使用される場合を除き、日付比較では時刻が使用されます。「基本的な比較演算子」と「日付の比較」も参照してください。アクション コード式のデータ比較にも同じルールが当てはまります。日付/時刻のすべての時間要素を除外するものを除き、比較では秒が認識されます (以前は、秒は使用されなかったり、常に 00 とみなされます。完全な日付/時刻データに対して完全な等価性テストを使用するには、interval() を使用します)。\nここでは、クエリにおける日付と日付/時刻の考慮について説明します。\n日付キーワード\nTinderbox は、アクション コードで作業するときに、今日、今、昨日、明日、日、週、月、年、時、分などの日付キーワードを日付定義のプレースホルダーとして認識します (完全なリストについては、日付キーワードのリンクを参照してください)。「昨日 + 1 週間」、「明日 + 1 年」、「明日 - 2 時間」などの構築も可能です。アクション コード式全体が 1 組の二重引用符の中にどのように配置されているかに注目してください。日付プレースホルダーなしで数値が指定された場合、例:「今日 + 1」の場合、「日」がデフォルトの単位値として想定されます。つまり、入力が「今日 + 1 週間」であるかのようになります。日付キーワード文字列を使用して日付を設定/調整するための構文の詳細を参照してください。\n「now」プレースホルダーは、「today」の代替として使用できます。後者はどちらも時間要素として現在のシステム クロック時間を使用するため、指定子と一緒に明示的な時間を設定できることに注意してください (24 時間時計のみを使用します: 「今日 16:00」または「明日 - 2 日 23:59」)。時間の設定の詳細を参照してください。\n時間情報を使用せずに Date 属性を初期化する\n日付属性を最初に設定するために時間インジケーターを使用せずに日付プレースホルダーのみを使用すると、時間部分 (時:分) がユーザーのローカル OS システム時間に設定されることに注意してください。[表示される属性] 値ボックスに無期限の日付を入力します。「2001 年 8 月 21 日」の場合も、時間部分は OS のローカル時間から設定されます。日付指定子を使用して既存の日付を変更しても、日付属性値の時刻部分は決して変更されません。日付の時刻部分は、手動で (再) 設定するか、時刻関連のアクション コードを使用することで変更できます。現在時刻が 17:03:24 (午後 5 時、3 分 24 秒) の場合:\n$StartTime = date(""27/03/2022"") は、2002 年 3 月 27 日の 17:03:24 を示します (米国ユーザーのみ、日/月の順序が逆)\n$StartTime = date(""27/03/2022 00:00:00"") は、2002 年 3 月 27 日の時刻 00:00:00 を示します (米国ユーザーのみ、日/月の順序が逆)\n同様に、表示属性または情報の取得値を入力して日付属性を初期化する場合、デフォルト (システム) 時刻を使用しない限り、h/m/s 時刻を明示的に含める必要があります。\nOS ロケールの影響。Tinderbox は、手動で提供されたバージョンがユーザーの現在のロケール設定と同じ日/月の順序を使用していると想定します。つまり、月/日の順序を使用する米国のシステムで作業している場合は、2001 年 7 月 6 日を「7/6/2011」と入力しますが、日/月の順序を使用する英国のシステムでは「6/7/2011」を使用し、他のロケールについても同様です。スラッシュ「1/7/05」とピリオドを含むヨーロッパ大陸形式を使用する日付 (例:「1.7.05」はどちらも認識されています。\n1 桁または 2 桁のみの年の場合、例:10CE では、コードまたは表示属性入力で日付を設定する場合は、日付の年の部分を常に 4 桁 (例: 0010) で入力する必要があります。\nユーザーは、macOS のシステム環境設定の [国際] ペイン ([形式] タブ) の [形式] ペインを確認し、「短い」形式で 4 桁の年番号が使用されていることを確認する必要があります。これを (地域に対して) 行うには、[形式] タブで、日付の例の右側にある [カスタマイズ…] ボタンをクリックします。「表示」ポップアップは「ショート」に設定されている可能性が高くなります。それはそのままにしておきます。下の白いテキスト ボックスで年をクリックします。2 桁または 4 桁の日付を選択できるドロップダウン メニューが表示されるので、4 桁の日付を選択します。米国ユーザーは、米国の「短い」日付形式のデフォルト設定では 2 桁の年、つまり 10/3/65 (1765 年、1865 年など) が表示されることに注意してください。「20090130」のような逆順の数値日付はすべて使用できますが、広範囲に使用する前に、目的の形式を正確にテストしてください。\n負の (BCE) 日付の使用\nTinderbox では、負の日付を許可して、CE/BCE (AD/BC) 境界のどちら側でもデータを分析できるようにします。-1 から -2500 までの負の整数を日付に強制すると、紀元前 (BC) 年として解釈されます。現在、「負の」日付に関する制限がいくつかあります。\n※現在は、"
Dictionary-Type Attributes,"[First introduced in v]\nDictionary\n A Dictionary attribute replaces like the older Tinderbox feature of lookup tables, as a list of paired keys with values: key:value; \nThe key part comes first with a terminating colon. The value part follows, terminated by a semi-colon. White space handling in key:value pairs is described below.\nDictionaries are faster to construct, and large dictionaries are far faster to check, than lookup tables. Dictionaries are not generally intended for handing large/complex values or for values including punctuation and symbols. A Dictionary may be considered better for tasks previously configured using look-up lists.\nLike other attribute types, a Dictionary follows normal rules of scope and inheritance. A note using a prototype with a Dictionary holding data, will inherit that data dictionary. Similar to a Set type, a Dictionary does not allow duplicate keys, but multiple keys may use the same value.\nA key may have multiple values; this can be either []-enclosed List-type or {}-enclosed Dictionary-type data. For example, the dictionary:\n	{Tinderbox: 1;Storyspace: {Editor: 2; Reader:3}} \ncontains two elements. The first has a key of ""Tinderbox"" and a value of 1. The second has a key of ""Storyspace"" and the value that is itself a dictionary, {Editor: 2; Reader:3}.\nDictionary key:value syntax\nA dictionary collects pairs of strings separated by a colon, noting that whitespace before/after the colon in the key:value: pair is ignored when the data is added. The first string is the key, and the second string is the value. In these examples there are 3 such key:value pairs. These first two forms are better practice than the third just below:\n	$MyDictionary={cat:animal; dog:animal; rock: mineral}; \n	$MyDictionary=$MyDictionary.add(""cat:animal"").add(""dog:animal').add(""rock: mineral""); \nThe dictionary() operator creates a dictionary (in the current note),\n	$MyDictionary=dictionary(""cat:animal; dog:animal; rock: mineral""); \nThe key ""cat"" has the value ""animal"", while the key ""rock"" has the value ""mineral"".\nAlthough it is still possible, via legacy support, to populate a directory by passing a dictionary-formatted list as a quoted string to a Dictionary-type attribute, this is deprecated in favour of the {} method, or using the dictionary() operator is explicit and indicates intent unambiguously when parsed by Tinderbox. See dictionary() for usage.\nCase-sensitivity\nA key is case-sensitive and must be unique to the dictionary; the value may be the same as values for different keys within the current dictionary. Rather like the Set data type, duplicates are weeded. If a new key:pair is added to a dictionary and the key (case-sensitively) already exists, the existing value (only) for that key is updated to use the value from the new pair.\n	$MyDictionary = dictionary(""cat:animal; dog:animal; rock: mineral""); \n	$MyDictionary = $MyDictionary + ""cat:mammal""; \nNow, the value of key ""cat"" becomes ""mammal"" and the older value is lost.\nQuoting of keys and values\nFrom v11.5.0, the key is always treated as a string, and does not require to be quoted: quoted keys, e.g. in older code, will still work correctly. If the value of that key is a string, it should be quoted. In addiction, the value must be quoted if the string value contains any of the following: {}():// or quotation marks.\nUse of whitespace, symbols, quotes, etc., with keys & values\nAny whitespace either side of a colon (:), or semi-colon (;), or at beginning or end of dictionary data is ignored. As the colon (:) and semi-colon (;) characters are used as delimiters in the stored Dictionary data, they should also not be used within key names or values.\nThe expectation is that keys and values will be simple strings or numbers, so avoid use of characters like punctuation as you may experience unexpected results; additionally avoid using parentheses (), square [] or curly {} brackets, backward \ and forward / slashes, single/double quotes or commas.\nA good rule of thumb is to think hard if using other than A-za-z0-9 or underscore/hyphen/period (the period might be needed for a decimal number value).\nAdding key:value pairs\nTo add to a new key:value pair, use addition, as with Lists and Sets…\n	$MyDictionary = $MyDictionary + {apple:plant}; \n	$MyDictionary += {apple:plant}""; \nadds they key ""apple"" and associates it with the value ""plant"". If the key was already found in the dictionary, its value is replaced by the new value. If the key was not found in the dictionary, both the new key and the new value are added.\nAs well as using a literal value, the key (and value) to be added can be give as an attribute value or variable:\n	$MyString = ""apple:plant""; $MyDictionary += $MyString; \n	var:string vKey = ""apple:plant""; $MyDictionary += vKey; \nThere also a Dictionary.add() operator. This does the same as the above:\n	$MyDictionary = $MyDictionary.add(""apple:plant""); \nDeleting keys (implicitly key:value pairs)\nEntries can be deleted from a dictionary by subtracti","【vで初登場】\n辞書\nDictionary 属性は、ルックアップ テーブルの古い Tinderbox 機能と同様に、キーと値のペアのリストとして置き換えられます。\nキー部分は最初に終了コロンで始まります。値の部分が続き、セミコロンで終わります。キー:値のペアにおける空白の処理については、以下で説明します。\nルックアップ テーブルよりもディクショナリの構築が速く、大きなディクショナリのチェックもはるかに高速です。辞書は通常、大きな値や複雑な値を処理したり、句読点や記号を含む値を処理したりすることを目的としていません。辞書は、ルックアップ リストを使用して以前に構成されたタスクに適していると考えられます。\n他の属性タイプと同様に、ディクショナリはスコープと継承の通常のルールに従います。データを保持するディクショナリを持つプロトタイプを使用するノートは、そのデータ ディクショナリを継承します。Set タイプと同様に、Dictionary では重複キーは許可されませんが、複数のキーが同じ値を使用する可能性があります。\nキーには複数の値を含めることができます。これは、[] で囲まれたリスト型データまたは {} で囲まれた辞書型データのいずれかになります。たとえば、辞書は次のようになります。\n{ティンダーボックス: 1;ストーリースペース: {エディター: 2;読者:3}}\n2 つの要素が含まれています。1 つ目のキーは「Tinderbox」、値は 1 です。2 つ目のキーは「Storyspace」で、値自体が辞書 {Editor: 2; です。リーダー:3}。\nディクショナリ キー:値の構文\nディクショナリは、コロンで区切られた文字列のペアを収集します。データの追加時に、key:value: ペアのコロンの前後の空白は無視されることに注意してください。最初の文字列はキーで、2 番目の文字列は値です。これらの例には、そのようなキーと値のペアが 3 つあります。これらの最初の 2 つの形式は、すぐ下の 3 番目の形式よりも優れた実践方法です。\n$MyDictionary={猫:動物;犬:動物;岩石: 鉱物};\n$MyDictionary=$MyDictionary.add(""猫:動物"").add(""犬:動物').add(""岩石:鉱物"");\nDictionary() 演算子は (現在のノート内に) 辞書を作成します。\n$MyDictionary=dictionary(""猫:動物; 犬:動物; 岩石:鉱物"");\nキー「cat」は値「animal」を持ち、キー「rock」は値「mineral」を持ちます。\n従来のサポートを介して、辞書形式のリストを引用符付き文字列として Dictionary タイプの属性に渡すことでディレクトリにデータを追加することは可能ですが、これは非推奨となり、{} メソッドが優先されるか、dictionary() 演算子の使用が明示的であり、Tinderbox による解析時に意図が明確に示されます。使用法については、dictionary() を参照してください。\n大文字と小文字の区別\nキーは大文字と小文字が区別され、辞書内で一意である必要があります。値は、現在の辞書内の異なるキーの値と同じである可能性があります。Set データ型と同様に、重複は削除されます。新しい key:pair がディクショナリに追加され、そのキー (大文字と小文字が区別される) がすでに存在する場合、そのキーの既存の値 (のみ) が新しいペアの値を使用するように更新されます。\n$MyDictionary = Dictionary(""猫:動物; 犬:動物; 岩石:鉱物"");\n$MyDictionary = $MyDictionary + ""猫:哺乳類"";\nここで、キー「cat」の値は「mammal」になり、古い値は失われます。\nキーと値の引用符\nv11.5.0 以降、キーは常に文字列として扱われ、引用符で囲む必要はありません。引用符で囲まれたキー。古いコードでも正しく動作します。そのキーの値が文字列の場合は、引用符で囲む必要があります。注意として、文字列値に {}():// または引用符のいずれかが含まれる場合は、値を引用符で囲む必要があります。\nキーと値での空白、記号、引用符などの使用\nコロン (:) またはセミコロン (;) の両側、または辞書データの先頭または末尾にある空白は無視されます。コロン (:) およびセミコロン (;) 文字は、保存された辞書データの区切り文字として使用されるため、キー名または値内でも使用しないでください。\nキーと値は単純な文字列または数値であることが想定されているため、予期しない結果が発生する可能性があるため、句読点などの文字の使用は避けてください。さらに、括弧 ()、角括弧 [] または中括弧 {}、逆向きの \ および前向きの / スラッシュ、一重引用符または二重引用符、またはコンマの使用は避けてください。\n経験則として、A-za-z0-9 またはアンダースコア/ハイフン/ピリオド (10 進数値の場合はピリオドが必要になる場合があります) 以外を使用する場合は、よく考えてください。\nキーと値のペアの追加\n新しいキー:値のペアに追加するには、リストやセットと同様に加算を使用します。\n$MyDictionary = $MyDictionary + {apple:plant};\n$MyDictionary += {リンゴ:植物}"";\nキー「apple」を追加し、それを値「plant」に関連付けます。キーが辞書内ですでに見つかった場合、その値は新しい値に置き換えられます。キーが辞書内に見つからなかった場合は、新しいキーと新しい値の両方が追加されます。\nリテラル値を使用するだけでなく、追加するキー (および値) を属性値または変数として指定することもできます。\n$MyString = ""リンゴ:植物"";$MyDictionary += $MyString;\nvar:string vKey = ""リンゴ:植物"";$MyDictionary += vKey;\nDictionary.add() 演算子もあります。これは上記と同じことを行います。\n$MyDictionary = $MyDictionary.add(""リンゴ:植物"");\nキーの削除 (暗黙的にキー:値のペア)\nエントリは減算によって辞書から削除できます"
Email-Type Attributes,"[First introduced in v]\nEmail\nAn Email attribute data type is offered to address activities related to parsing/sorting email data.\nAn email address string, e.g. jdoe@example.com. If no default value is specified, an Email type defaults to an empty string. Emails are not delimited (i.e. quotes are not required).\nEmail attributes behave like string attributes, but with a special behaviour when displayed in a note's displayed attributes table. There, Email-type attributes show an envelope icon before the attribute value. Pressing the icon opens a draft email to that address using the default email client using the notes text as the draft content.\nMore precisely, pressing the button composes a message, whose body is the $Text of the note, and opens that message in the default email client (e.g., Apple Mail), from which it might be sent to the address that appears in $Email. There is no validation that the value in $Email is correctly formed.\nDefault/Empty value\nAn empty string.\nSorting order\nAs for String Data Type.\nEmail-type System Attributes\nBuilt-in attributes of the Email data type are listed below:",【vで初登場】\n電子メール\n電子メール属性データ タイプは、電子メール データの解析/並べ替えに関連するアクティビティに対処するために提供されます。\n電子メール アドレス文字列。jdoe@example.com。デフォルト値が指定されていない場合、電子メール タイプのデフォルトは空の文字列です。電子メールは区切られていません (つまり、引用符は必要ありません)。\n電子メール属性は文字列属性と同様に動作しますが、ノートの表示属性テーブルに表示される場合は特別な動作をします。ここでは、電子メール タイプの属性には、属性値の前に封筒のアイコンが表示されます。アイコンを押すと、デフォルトの電子メール クライアントを使用して、メモ テキストを下書きコンテンツとして使用して、そのアドレスに下書き電子メールが開きます。\nより正確には、ボタンを押すと、本文がメモの $Text であるメッセージが作成され、そのメッセージがデフォルトの電子メール クライアント (Apple Mail など) で開かれ、そこから $Email に表示されるアドレスに送信される可能性があります。$Email の値が正しく形成されているかどうかの検証はありません。\nデフォルト/空の値\n空の文字列。\n並べ替え順序\n文字列データ型については。\n電子メールタイプのシステム属性\n電子メール データ型の組み込み属性を以下に示します。
File-Type Attributes,"[First introduced in v]\nFile\nA path to a file. When setting this type of attribute a file selection dialog is shown instead of a text box. The selected file is entered as the attribute value for that note. If no default value is specified, a File type defaults to an empty string.\nThe path stored is in POSIX form (forward slash delimited) and is the full local path to the file or folder.\nWhen files from the user's directory are dropped into Tinderbox or into a file attribute, Tinderbox uses the tilde (~) abbreviation to represent the path to the user's directory. This should make it easier to share one Tinderbox document across several machines, each of which share files in common locations (e.g. Dropbox) but which have different user names.\nWhen displayed in a note's displayed attributes table, Find-type attributes show a folder icon before the attribute value. Pressing the icon opens that attribute's stored OS file path (if any) for a file, using the in the default app as determined by Finder, or for a folder it opens Finder.\nDefault/Empty value\nAn empty string.\nSorting order\nAs for String Data Type.\nFile-type System Attributes\nBuilt-in attributes of the file data type are listed below:",【vで初登場】\nファイル\nファイルへのパス。このタイプの属性を設定すると、テキスト ボックスの代わりにファイル選択ダイアログが表示されます。選択したファイルがそのノートの属性値として入力されます。デフォルト値が指定されていない場合、ファイル タイプのデフォルトは空の文字列です。\n保存されるパスは POSIX 形式 (スラッシュ区切り) であり、ファイルまたはフォルダーへの完全なローカル パスです。\nユーザーのディレクトリのファイルが Tinderbox またはファイル属性にドロップされると、Tinderbox はチルダ (~) の省略形を使用してユーザーのディレクトリへのパスを表します。これにより、1 つの Tinderbox ドキュメントを複数のマシン間で共有することが容易になります。各マシンは共通の場所 (Dropbox など) にあるファイルを共有しますが、ユーザー名は異なります。\nノートの表示属性テーブルに表示される場合、検索タイプの属性には属性値の前にフォルダー アイコンが表示されます。アイコンを押すと、その属性に保存されているファイルの OS ファイル パス (存在する場合) が開き、Finder によって決定されたデフォルト アプリ内の を使用するか、フォルダーの場合は Finder が開きます。\nデフォルト/空の値\n空の文字列。\n並べ替え順序\n文字列データ型については。\nファイルタイプのシステム属性\nファイル データ タイプの組み込み属性を以下に示します。
Font-Type Attributes,"[First introduced in v]\nFont\nThe attribute data type of 'font' represents a string defining a font name.\nSome pre-existing system attributes, such as $NameFont have been re-classed from 'string' to 'action' type.\nThis data type is not available for user attributes. \nDefault/Empty value\nAn empty string.\nSorting order\nAs for String Data Type.\nFont-type System Attributes\nBuilt-in attributes of the file data type are listed below:\n\n\nFont-type System Attributes set via Document Settings\nA number of Document Settings controls set the defaults for Font-type system attributes, directly or indirectly:\n* Text tab: \n** $TextFont.\n* Maps tab: \n** $NameFont.",【vで初登場】\nフォント\n'font' の属性データ型は、フォント名を定義する文字列を表します。\n$NameFont などの一部の既存のシステム属性は、「文字列」タイプから「アクション」タイプに再分類されました。\nこのデータ型はユーザー属性には使用できません。\nデフォルト/空の値\n空の文字列。\n並べ替え順序\n文字列データ型については。\nフォントタイプのシステム属性\nファイル データ タイプの組み込み属性を以下に示します。\n\n\nドキュメント設定で設定されたフォントタイプのシステム属性\n多くのドキュメント設定コントロールは、フォント タイプのシステム属性のデフォルトを直接的または間接的に設定します。\n* テキストタブ:\n** $TextFont。\n*「マップ」タブ:\n** $NameFont。
Interval-Type Attributes,"[First introduced in v]\nInterval\nThe attribute type, Interval, represents time intervals and durations. The general designed/expected usage is for durations shorter than an hour, but intervals of hours or even days are possible—see below.\nReflecting the basic expectation, the default value is a string ""00:00"" representing zero minutes and zero seconds. For example, the interval value\n	01:30 \nrepresents one minute and thirty seconds whilst\n	02:01:00 \nrepresents two hours, one minute and zero seconds. Note the need to include the seconds element (in both input and output) to differentiate the NN:NN form as mm:ss and not hh:mm.\nCreating Interval-type data\nThis is achieved using the interval() operator. The input is a string (see interval(dataStr)). Note that minute and second values do not need zero-padding, inputting ""4:2"" results in a displayed/exported value of ""04:02"".\nIf a time element is supplied is larger than its normal count (e.g. more than 59 minutes or seconds, the input is re-parsed into normally sized units. So ""90:70"" mm:ss will get parsed as ""01:31:10"". This effect is useful if creating inputs from dynamic values and avoids the need to re-parse number before input.  This applies to hours, minute and seconds inputs.\nWhen reading/copying Interval type data, it is always in String form, i.e. ""22:09"", even though the Interval data is stored internally (in the running app) in a different form. As a result, an Interval can be passed directly to a string attribute without needing modification. So, adding an interval to a string:\n	""The answer is:"" + $MyInterval returns a string.\nCreating an Interval from Dates\nA variant of interval() enables returning the time between two Date-type objects as an Interval: see interval(startDate,endDate).\nUsing intervals of an hour or more\nAlthough originally intended for short (sub 1 hour) durations, Intervals can accept hour or day inputs. For long intervals note that hours and days are accepted units: year or month scope inputs are not understood by the interval parser.\nThus the duration\n	01:01:00 \nrepresents a duration of one hour, one minute, and thirty seconds. The seconds cannot be omitted, even if '00' as the above written as ""01:01"" would be parsed as one minute and one second. Only ""01:01:00"" ensures the hour element is detected correctly.\nDays are defined using the word 'day(s)':\n	2 days 01:00:00 represents 49 hours\nDuration components larger than a day (of 24 hours), e.g. months or years, are not supported, though is is possible to use large day values:\n	62 days 01:30:10\nrepresenting an interval of over two months' duration. The maximum length of an interval but it is not advised to exceed 1 year (but specified in days, i.e. 365 days) but ideally intervals are used for a few days or less. If the duration of the interval is desired in whole days only, use normal Date-type arithmetic and store the duration as a Number-type.\nFormatting Interval data\nUsing, Interval.format() only accepts a limited range—two choices—of formatting string options, i.e. not the full range of Date formats. The displayed format of Intervals, in Displayed Attributes and Get Info cannot be modified. If passing the data for use elsewhere, e.g. for export, the string representation can be modified using normal String manipulation operators.\nNegative values\nAn interval may have negative duration, ""-05:30"":\n	-05:30 \nrepresents a negative duration of 5 minutes and 30 seconds. This can be useful when doing short duration date arithmetic (as below).\nUse in Date arithmetic\nIntervals may be added or subtracted from Date-type attributes or variables. They may multiplied or divided by constants or numeric attributes, and may be compared for equality using == and != or for magnitude using .\nFor directly altering a Date's time element, the time() operator is normally a simpler and more convenient choice.\nNote: subtracting two dates does not currently return an interval; rather, it returns the number of days between the two dates in accordance with pre-existing Date-type attribute behaviour. To get the interval between two Dates, use the interval(startDate,endDate) operator syntax. Thus to get the interval between the $StartDate of note ""Session 1' and $StarDate of ""Session 2"":\n	$MyInterval = interval($StartDate(""Session 1""),$StartDate(""Session 2"")); \nIntervals can be added to/subtracted from Dates. If $MyInterval is ""-05:30"" and $MyDate is 24/10/2022 12:00:00 (midday on 24 October 2022):\n	$MyDate = $MyDate + $MyInterval; \nresults in $MyDate being 24/10/2022 11:54:30. By accepting negative intervals the same action code can deal with positive and negative durations. So to find the number of (whole) minutes in the interval:\n	$MyNumberOfMinutes = minutes($MyDate,$MyDate+$MyInterval); \nA more generalised approach to the last:\n	$MyNumberOfMinutes = minutes(date(""now""),date(""now"")+$MyInterval); \nHere minutes are tested but the method could test days, hours or seconds (not bigger units as Interval data is u","【vで初登場】\n間隔\n属性タイプの Interval は、時間間隔と期間を表します。一般的に設計/予想される使用時間は 1 時間未満ですが、数時間または数日の間隔で使用することも可能です。以下を参照してください。\n基本的な期待を反映して、デフォルト値は 0 分 0 秒を表す文字列「00:00」です。たとえば、間隔値\n01:30\nは 1 分 30 秒を表しますが、\n02:01:00\nは 2 時間 1 分 0 秒を表します。NN:NN 形式を hh:mm ではなく mm:ss として区別するには、秒要素 (入力と出力の両方) を含める必要があることに注意してください。\nインターバル型データの作成\nこれは、interval() 演算子を使用して実現されます。入力は文字列です (interval(dataStr) を参照)。分と秒の値にはゼロ埋め込みが必要ないことに注意してください。「4:2」と入力すると、表示/エクスポートされる値は「04:02」になります。\n指定された時間要素が通常のカウントより大きい場合 (例: 59 分または秒を超える場合)、入力は通常のサイズの単位に再解析されます。そのため、「90:70」mm:ss は「01:31:10」として解析されます。この効果は、動的な値から入力を作成する場合に便利で、入力前に数値を再解析する必要がなくなります。これは、時間、分、秒の入力に適用されます。\nInterval タイプのデータを読み取り/コピーする場合、Interval データが内部 (実行中のアプリ) に別の形式で保存されている場合でも、データは常に文字列形式、つまり「22:09」になります。その結果、Interval を変更せずに文字列属性に直接渡すことができます。したがって、文字列に間隔を追加します。\n「答えは次のとおりです。」 + $MyInterval は文字列を返します。\n日付から間隔を作成する\nInterval() のバリアントを使用すると、2 つの Date 型オブジェクト間の時間を Interval として返すことができます。interval(startDate,endDate) を参照してください。\n1時間以上の間隔をあけて使用する\n本来は短い（1 時間未満）期間を想定していましたが、間隔は時間または日の入力を受け入れることができます。長い間隔の場合は、時間と日が単位として受け入れられることに注意してください。年または月のスコープ入力は間隔パーサーでは理解されません。\nしたがって、期間は\n01:01:00\nは 1 時間 1 分 30 秒の長さを表します。上記のように「00」を「01:01」と記述した場合でも、秒は省略できません。1 分 1 秒として解析されます。「01:01:00」のみが時間要素を正しく検出します。\n日数は「day(s)」という単語を使用して定義されます。\n2 日 01:00:00 は 49 時間を表します\n1 日 (24 時間) を超える期間コンポーネント。例:月や年はサポートされていませんが、大きな日の値を使用することは可能です。\n62日 01:30:10\n2 か月以上の間隔を表します。間隔の最大長ですが、1 年を超えることはお勧めしません (ただし、日数で指定します。つまり 365 日)。理想的には間隔は数日以下で使用します。間隔の期間を丸一日のみで指定したい場合は、通常の日付型の算術演算を使用し、期間を数値型として保存します。\n間隔データのフォーマット\nInterval.format() を使用すると、書式設定文字列オプションの限られた範囲 (2 つの選択肢) のみが受け入れられます。つまり、日付形式の全範囲は受け入れられません。「表示される属性」および「情報の取得」での「間隔」の表示形式は変更できません。他の場所で使用するためにデータを渡す場合、例:エクスポートの場合、通常の文字列操作演算子を使用して文字列表現を変更できます。\n負の値\n間隔には負の期間「-05:30」を指定できます。\n-05:30\nは、5 分 30 秒の負の継続時間を表します。これは、短期間の日付の計算を行う場合に役立ちます (以下を参照)。\n日付算術での使用\n間隔は、日付型の属性または変数に加算または減算できます。これらは、定数または数値属性で乗算または除算でき、== および != を使用して等価性を比較したり、 を使用して大きさを比較したりできます。\nDate の時間要素を直接変更するには、通常、time() 演算子を選択する方が簡単で便利です。\n注: 現在、2 つの日付を減算しても間隔は返されません。むしろ、既存の Date 型属性の動作に従って 2 つの日付の間の日数を返します。2 つの日付間の間隔を取得するには、interval(startDate,endDate) 演算子構文を使用します。したがって、メモ「セッション 1」の $StartDate と「セッション 2」の $StarDate の間の間隔を取得するには、次のようにします。\n$MyInterval = 間隔($StartDate(""セッション 1""),$StartDate(""セッション 2""));\n間隔は日付に加算または日付から減算できます。$MyInterval が ""-05:30"" で、$MyDate が 24/10/2022 12:00:00 (2022 年 10 月 24 日正午) の場合:\n$MyDate = $MyDate + $MyInterval;\n結果、$MyDate は 24/10/2022 11:54:30 になります。負の間隔を受け入れることにより、同じアクション コードで正の期間と負の期間を処理できます。したがって、間隔の（整数）分数を確認するには、次のようにします。\n$MyNumberOfMinutes = 分($MyDate,$MyDate+$MyInterval);\n最後へのより一般化されたアプローチ:\n$MyNumberOfMinutes = minutes(date(""now""),date(""now"")+$MyInterval);\nここでは分がテストされていますが、このメソッドでは日、時間、または秒をテストすることもできます (間隔データは大きいため、より大きな単位ではありません)。"
List-Type Attributes,"[First introduced in v]\nList\nA semi-colon delimited list of string values. In terms of stored data Sets and Lists are the same: a string containing one or more semi-colon delimited items. The difference is in the way Tinderbox handles the two data types, as lists may contain duplicate items. Although the Set-type pre-dates List-type in Tinderbox, Lists should be thought of as the underlying form and Sets as a type of List with special features (de-duplicated, always sorted, etc.).\nList items can be read/set via their list order number (see below) but note that this is zero-based, i.e. list item #1 has address value zero (0).\nA List, even a list of numbers or boolean values, is stored as a semi-colon delimited string, i.e. list items are not stored with an explicit data type, though multi-value value can be list or dictionaries.\nIn actions, + adds an item to a List if it is not already present, and -- removes it if it is present. These are now generally replaced by the += increment and -= (minus) decrement operators. Values should be enclosed in square brackets (previous, and still supported is to use enclosing double quotes).\nDeclaring a new List\nIf setting a List's literal values via action code use the square bracket [ ] List definition:\n	$MyList=[Frogs;Dogs;Logs]; \nImportantly, the bracket notation replaces the older now-deprecated legacy method of using enclosing quotes:\n	$MyList=""Frogs;Dogs;Logs""; NOTE: do not use this for new code!\nWhilst both methods work and the latter, older, method will be found in many demos and tutorials, the bracketed notation is now the preferred method.\n	Importantly, when typing/pasting a List's values into a UI input box such as the Inspector, Get Info, or Displayed Attributes, the enclosing brackets or quotes (as used above) should be omitted, i.e. using planes;trains;automobiles not [planes;trains;automobiles]. If brackets are used by mistake, the Tinderbox parser should ignore an outmost pair (as it would quotes) abut still honour brackets within the overall list value as implying a nested list. If Tinderbox reads from a List via code and reports (logs) a value with enclosing brackets, Tinderbox knows—in code—to ignore those as simply being list delimiters. \nAdding new list items to the end of the List\nWith a List you can add/remove individual or multiple values and test its contents. A value added is inserted at the end of the existing list. Unlike a set-type, no deduplication occurs so adding a value a second time will create two entries. If $PetTypes' value is ""cats;dogs"", then:\n	$PetTypes+=[rabbits]; \nadds the new value to the end of the list, i.e. 'cats;dogs;rabbits', after which repeating the call\n	$PetTypes+=[rabbits];\nthis adds a second instance of ""dogs"" to the end of the List, i.e. 'cats;dogs;rabbits;rabbits'. This unlike a Set, were the second instance would be discarded as being a duplicate.\nAdding new list items to the beginning of the List\nTo add new—not replacement—item(s) to the beginning of a list, add the existing value to the new list items:\n	$PetTypes=[rabbits;hamsters]+$PetTypes; \n	Legacy code note:  the last fails if using to old quote-enclosed format instead of square brackets.\nAdding an list item that is itself a list\nTo add a new item that is itself a list, note the extra set of brackets needed. The following adds a new list item whose value is a two-item list.\n	$PetTypes=$PetTypes+[[rabbits;bunnies]]; \nAdding items at a specific list position\nTo insert a new list at a specified location, i.e. adding a list item as opposed to replacing an existing value, iterate the list using List.each() with a custom counter. Store existing items in a new list and add the term when the loop reaches the desired place in the list. At the end of the loop write the new list back over the original List.\nDeleting items\nIn actions using a - (minus) removes the supplied value(s) if present. Importantly, this removes all occurrences if the deleted item. If the List is 'cats;dogs;frogs':\n	$PetTypes=$PetTypes-[cats;frogs]; this leaves only 'dogs' as a value.\nIf there are multiple instances of the target item the first, by list order, is deleted. If the List is 'cats;dogs;cats;frogs':\n	$PetTypes=$PetTypes-[cats;frogs]; this leaves only 'dogs' as a value.\nReplacing a list item's value\nThe List[N] notation addresses any single List item using a zero-based address. Thus List[1] addresses item #2, whilst  List[0] addresses the first. To replace item #3 in a list (assuming a big enough list):\n	$MyList=[Frogs;Dogs;Logs]; \n	$MyList[2]=[Pogs]; results in a list of ""Frogs;Dogs;Pogs""\nAdditional list definition mark-up\nLists and Sets may be written by enclosing them in square brackets, rather than inside quotes, as in the past. The newer form is more declarative of intent to the user and the app, so is recommended. Lists may be nested; for example, the list\n	[ 1; [2;3]; 4] \ncontains a 3 elements — 1, the nested list 2;3, and 4.\nLong Tinderbox precedent holds that list addition adds ea","【vで初登場】\nリスト\nセミコロンで区切られた文字列値のリスト。保存されるデータという点では、セットとリストは同じであり、1 つ以上のセミコロンで区切られた項目を含む文字列です。違いは、リストには重複したアイテムが含まれる可能性があるため、Tinderbox が 2 つのデータ型を処理する方法にあります。Set タイプは Tinderbox の List タイプよりも古いものですが、List は基礎となる形式、Set は特別な機能 (重複排除、常にソートなど) を備えた List のタイプとして考える必要があります。\nリスト項目は、リストの順序番号 (下記を参照) を介して読み取り/設定できますが、これはゼロベースであることに注意してください。つまり、リスト項目 #1 のアドレス値はゼロ (0) です。\nリストは、数値やブール値のリストであっても、セミコロンで区切られた文字列として保存されます。つまり、リスト項目は明示的なデータ型で保存されませんが、複数値の値はリストまたは辞書にすることができます。\nアクションでは、アイテムがまだ存在しない場合は + でリストに追加し、存在する場合は -- で削除します。これらは現在、一般的に += インクリメント演算子と -= (マイナス) デクリメント演算子に置き換えられています。値は角括弧で囲む必要があります (以前と現在もサポートされているのは、二重引用符で囲むことです)。\n新しいリストの宣言\nアクション コードを介してリストのリテラル値を設定する場合は、角括弧 [ ] リスト定義を使用します。\n$MyList=[カエル;犬;丸太];\n重要なのは、括弧表記は、現在非推奨となっている囲み引用符を使用する古い従来の方法を置き換えることです。\n$MyList=""カエル;犬;丸太"";注: これを新しいコードには使用しないでください。\nどちらの方法も機能し、後者の古い方法が多くのデモやチュートリアルで見られますが、現在では括弧で囲まれた表記法が推奨されています。\n重要なのは、インスペクター、情報の取得、表示属性などの UI 入力ボックスにリストの値を入力/貼り付けるときは、囲み括弧または引用符 (上記で使用したもの) を省略する必要があります。つまり、[planes;trains;automobiles] ではなく、planes;trains;automobiles を使用します。誤って括弧が使用された場合、Tinderbox パーサーは、隣接する最も外側のペアを (引用符として) 無視する必要がありますが、ネストされたリストを暗示するものとしてリスト全体の値内の括弧を尊重する必要があります。Tinderbox がコード経由でリストから読み取り、値を括弧で囲んでレポート (ログ) する場合、Tinderbox はそれらを単にリストの区切り文字として無視することをコードで認識します。\n新しいリスト項目をリストの末尾に追加する\nリストを使用すると、個別または複数の値を追加/削除し、その内容をテストできます。追加された値は、既存のリストの最後に挿入されます。セットタイプとは異なり、重複排除は行われないため、値を 2 回追加すると 2 つのエントリが作成されます。$PetTypes の値が「cats;dogs」の場合、次のようになります。\n$PetTypes+=[ウサギ];\n新しい値をリストの最後に追加します (例: 'cats;dogs;rabbits')。その後、呼び出しを繰り返します。\n$PetTypes+=[ウサギ];\nこれにより、「犬」の 2 番目のインスタンスがリストの末尾に追加されます (つまり、「猫;犬;ウサギ;ウサギ」)。これは Set とは異なり、2 番目のインスタンスは重複として破棄されます。\n新しいリスト項目をリストの先頭に追加する\n置換ではなく新しい項目をリストの先頭に追加するには、既存の値を新しいリスト項目に追加します。\n$PetTypes=[ウサギ;ハムスター]+$PetTypes;\nレガシー コード 注: 角括弧の代わりに引用符で囲まれた古い形式を使用すると、最後のコードは失敗します。\nそれ自体がリストであるリスト項目の追加\nそれ自体がリストである新しい項目を追加するには、追加の括弧のセットが必要であることに注意してください。次の例では、値が 2 項目のリストである新しいリスト項目を追加します。\n$PetTypes=$PetTypes+[[ウサギ;ウサギ]];\nリストの特定の位置に項目を追加する\n指定した場所に新しいリストを挿入するには、つまり、既存の値を置き換えるのではなくリスト項目を追加するには、List.each() とカスタム カウンターを使用してリストを繰り返します。既存の項目を新しいリストに保存し、ループがリスト内の目的の場所に到達したときに用語を追加します。ループの最後に、新しいリストを元のリストに上書きします。\n項目の削除\nアクションで - (マイナス) を使用すると、指定された値が存在する場合は削除されます。重要なのは、アイテムが削除された場合、これによりすべての出現が削除されるということです。リストが「猫;犬;カエル」の場合:\n$PetTypes=$PetTypes-[猫;カエル];これにより、値として「犬」だけが残ります。\nターゲット項目のインスタンスが複数ある場合は、リストの順序に従って最初のインスタンスが削除されます。リストが「猫;犬;猫;カエル」の場合:\n$PetTypes=$PetTypes-[猫;カエル];これにより、値として「犬」だけが残ります。\nリスト項目の値を置換する\nList[N] 表記は、ゼロベースのアドレスを使用して単一のリスト項目をアドレス指定します。したがって、List[1] は項目 #2 をアドレス指定し、List[0] は最初の項目をアドレス指定します。リスト内の項目 #3 を置換するには (十分な大きさのリストを想定):\n$MyList=[カエル;犬;丸太];\n$MyList[2]=[ポグ];結果は「カエル;犬;豚」のリストになります。\n追加のリスト定義マークアップ\nリストとセットは、これまでのように引用符で囲むのではなく、角括弧で囲んで記述できます。新しいフォームは、ユーザーとアプリに対してより意図を宣言するものであるため、推奨されます。リストは入れ子にすることができます。たとえば、リスト\n[ 1;[2;3];4]\n3 つの要素 (1、ネストされたリスト 2、3、および 4) が含まれています。\nTinderbox の長い先例では、リストを追加すると EA が追加されるとされています。"
Number-Type Attributes,"[First introduced in v]\nNumber\nA numerical value. If no default value is specified, a Number type defaults to the value 0 (zero). User attributes of Number type may be configured, at first creation, as 'sequential'. \nA sequential number attribute is like a database counter field, where the next unused number is issued and values no longer used are not re-issued; i.e. the next number is always higher than the last. Sequential numbers start at 1. When a new sequential attribute is added to an existing document, the already-created notes are initialised with sequential values of the new attribute, starting with the first notes in $OutlineOrder sequence. Thereafter notes are numbered in the order added, regardless of $OutlineOrder.\nVery large or small numbers may be displayed (and set) in exponential notation:\n	0.000001 = 1e-06 \n	$MyNumber = 1.2e+3 sets '1200'\nWhen very large or small number strings are typed into a Displayed Attributes box the result may be '0', in which case use exponential notation. \nThe Displayed Attributes display will also truncate the number of decimal places shown. The display limits seem to be:\n* Whole (non decimal) numbers will display up to 9 digits, i.e. between -999999999 and 999999999.\n* Numbers over 1, positive or negative, will display 6 digits e.g. 150.123 or 1.12346.\n* Numbers over 1, positive or negative, will display 6 decimal places e.g. 0.012345.\nWhen typing/pasting in number values to a KA box the input value is stored and not the rounded/truncated visible value. To see the decimal places in full coerce the value to a string, e.g. set a string attribute to the value of the number attribute. Beware that values copied from a Displayed Attributes display box use the visible value and not the real underlying value, so passing the number to a string and reading the latter is useful if data fidelity is required.\nDefault/Empty value\nThe value 0 (zero).\nSorting order\nAscending value in numeric sort order; default (0) thus lists first.\nFormatting number information\nSee Formatting operators: Number.format(), Number.precision(). There are some format strings only used for Number-type data:\n* ""l"" (lowercase letter 'L') gives Number as a string using (OS) locale-dependent group and decimal delimiters. For instance, 1000.00 as seen on a UK system would show as '1,000.00' but as '1.000,00' on a German system. \n* ""$"" formats Number to a string in the local currency to two decimal points.\n* ""$0"" formats Number to a string in the local currency rounded to the nearest whole major unit (i.e. whole dollars only not dollars.cents.)\n* ""X"" converts Number to a string in Roman numerals. So 4 would give string ""IV"" .\n* ""o"" (lowercase letter 'O') converts Number to a string in the localised ordinal\nNumber-type System Attributes\nBuilt-in attributes of the number data type are listed below:\n\n\nNumber-type System Attributes set via Document Settings\nA number of Document Settings controls set the defaults for Number-type system attributes, directly or indirectly:\n* Text tab: \n** $ParagraphSpacing.\n** $TextFontSize.\n* Maps tab: \n** $MapTextSize.\n** $OutlineTextSize. (Deprecated)\n** $InteriorScale.","【vで初登場】\n番号\n数値。デフォルト値が指定されていない場合、数値型のデフォルト値は 0 (ゼロ) になります。数値タイプのユーザー属性は、最初の作成時に「シーケンシャル」として構成できます。\n連続番号属性はデータベース カウンター フィールドに似ており、次の未使用の番号が発行され、使用されなくなった値は再発行されません。つまり、次の数値は常に最後の数値より大きくなります。連続番号は 1 から始まります。新しい連続属性が既存のドキュメントに追加されると、作成済みのノートは、$OutlineOrder シーケンスの最初のノートから始まる、新しい属性の連続した値で初期化されます。以降、$OutlineOrder に関係なく、メモには追加された順序で番号が付けられます。\n非常に大きい数値または小さい数値は、指数表記で表示 (および設定) できます。\n0.000001 = 1e-06\n$MyNumber = 1.2e+3 セット '1200'\n非常に大きいまたは小さい数値文字列を [表示属性] ボックスに入力すると、結果が「0」になる場合があります。その場合は指数表記を使用します。\n「表示された属性」表示でも、表示される小数点以下の桁数が切り捨てられます。表示制限は次のようです。\n* 整数 (10 進数以外) は最大 9 桁、つまり -999999999 ～ 999999999 まで表示されます。\n* 1 を超える数値は、正でも負でも 6 桁で表示されます。150.123 または 1.12346。\n* 1 を超える数値は、正でも負でも、小数点以下 6 桁が表示されます。0.012345。\nKA ボックスに数値を入力/貼り付けすると、丸め/切り捨てられた表示値ではなく、入力値が保存されます。小数点以下の桁を完全に表示するには、値を文字列に強制変換します。文字列属性を数値属性の値に設定します。[表示属性] 表示ボックスからコピーされた値は、実際の基礎となる値ではなく、表示されている値を使用することに注意してください。そのため、データの忠実性が必要な場合は、数値を文字列に渡して文字列を読み取ると便利です。\nデフォルト/空の値\n値 0 (ゼロ)。\n並べ替え順序\n数値ソート順の昇順の値。したがって、default (0) が最初にリストされます。\n数値情報のフォーマット\n「書式設定演算子: Number.format()、Number.precision()」を参照してください。数値型データにのみ使用されるフォーマット文字列がいくつかあります。\n* ""l"" (小文字の 'L') は、(OS) ロケールに依存するグループと 10 進区切り文字を使用した文字列として Number を与えます。たとえば、英国のシステムでは 1000.00 は「1,000.00」と表示されますが、ドイツのシステムでは「1.000,00」と表示されます。\n* 「$」は、数値を現地通貨の小数点以下 2 桁の文字列にフォーマットします。\n* ""$0"" は、数値を最も近い主要単位に四捨五入した現地通貨の文字列にフォーマットします (つまり、ドル全体はドルセントではありません)。\n※「X」は数値をローマ数字の文字列に変換します。したがって、 4 は文字列 ""IV"" を返します。\n* ""o"" (小文字の 'O') は、数値をローカライズされた序数の文字列に変換します。\n数値型のシステム属性\n数値データ型の組み込み属性を以下に示します。\n\n\nドキュメント設定で設定された数値タイプのシステム属性\n多くのドキュメント設定コントロールは、数値タイプのシステム属性のデフォルトを直接的または間接的に設定します。\n* テキストタブ:\n** $ParagraphSpacing。\n** $TextFontSize。\n*「マップ」タブ:\n** $MapTextSize。\n** $OutlineTextSize。(非推奨)\n** $インテリアスケール。"
Set-Type Attributes,"[First introduced in v]\nSet\nA Set date type is a special type of string, within which discrete values are delimited by semicolons. When defining a Set in code, use the conventions are described for the List data type.\nIn terms of stored data the Set and List lists are the same: a string containing one or more semi-colon delimited items. The difference is in the way Tinderbox handles the two data types, as lists may contain duplicate items. Although the Set-type pre-dates List-type in Tinderbox, Lists should be thought of as the underlying form and Sets as a refined (de-duplicated) form of List.\nA Set is useful for lists of topics, categories, and tags where duplication of listed items is not wanted:\n	[astronomy;marine biology;chemistry] \n	[dogs;cats] \n	[3;9;15] \nNote that the Set is always a string even if the values happen to be numbers: item values in a Set do not have explicit data types. A Set can have a single value, e.g. the third example above. With a single value there is no need to add a final semicolon and the same holds for the last of multiple values. Tinderbox will not mind if you supply a semicolon there (or after the last of multiple values), it will just strip it off as it processes the data. The default Set value is an empty string. A Set-type differs from a List-type in that duplicate values are not allowed, and the list of values is always A–Z lexically sorted.\nTo apply values directly to a Set-type attribute via the Displayed Attributes or via Info view or via the Inspector's Quickstamp, simply type the values as seen into the data box. In all these methods, you do not need to add enclosing quotes, but each discrete value should be separated with a semi-colon.\n	Legacy: Sets and auto-sorting. Prior to v9, sets did not always re-sort. Sets were then reimplemented to improve performance with large sets, which makes a Set more aggressive in asserting its control of the sequence of their elements. Compared to previous use, the stored order of items in the Set's value list are much more likely to change from the order as originally entered into case-sensitive lexical sort order. This may catch out long term users being used to Sets generally retaining their as-created item order. If the latter is needed, it may make more sense to use a List type instead.\nDeclaring a new Set\nIf setting a Set's literal values via action code use the square bracket [ ] Set definition:\n	$MySet=[Frogs;Dogs;Logs]; \nImportantly, the bracket notation replaces the older now-deprecated legacy method of using enclosing quotes:\n	$MySet=""Frogs;Dogs;Logs""; NOTE: do not use this for new code!\nWhilst both methods work and the latter, older, method will be found in many demos and tutorials, the bracketed notation is now the preferred method and old code should be updated is re-suing it.\n	Importantly, when typing/pasting a Set's values into a UI input box such as the Inspector, Get Info, or Displayed Attributes, the enclosing brackets or quotes (as used above) should be omitted, i.e. using planes;trains;automobiles not [planes;trains;automobiles]. If brackets are used by mistake, the Tinderbox parser should ignore an outmost pair (as it would quotes) abut still honour brackets within the overall list value as implying a nested list. If Tinderbox reads from a Set via code and reports (logs) a value with enclosing brackets, Tinderbox knows—in code—to ignore those as simply being list delimiters. \nIn actions, + adds an item to a Set if it is not already present, and -- removes it if it is present. These are now generally replaced by the += increment and -= (minus) decrement operators.\nAdding values\nWith a Set you can add/remove individual or multiple values and test its contents. In actions, + adds an item to a set if it is not already present, and -- removes it if it is present. Values must be enclosed in double quotes. \nIf $PetTypes' value is 'cats;dogs':\n	$PetTypes=$PetTypes+[owls;dogs]; the Set is 'cats;dogs;frogs;owls'.\nDeleting values\nTo delete a value, if $PetTypes' value is 'cats;dogs;frogs':\n	$PetTypes=$PetTypes-[cats;frogs]; this leaves only 'dogs' as a value.\nTesting (querying) Sets & Lists\nTo test a Set or List, use the .contains() operator, syntax AttributeName.contains(""tested_value""), returns true if any set/list discrete value exactly matches the designated tested_value; if case sensitivity is irrelevant for the query use .icontains(). If a user attribute $PetTypes has a value of 'dogs;cats' then\n	$PetTypes.contains(""dogs""); istrue,\nbut\n	$PetTypes.contains(""dog""); is false \nThis is because Set/List matching does not allow partial matches, as via regex, unlike with String-type data.\nOther variants:\n	$PetTypes.contains(""Dogs"").lowercase() is true \n	$PetTypes.icontains(""DOGS"") is true \nIt can be useful to use a stored value as the search term, for instance using the name of an agent as the search term:\n	$PetTypes.contains($MyString) is true \nA query can test a single item from a list. For instance, if $MyList for note","【vで初登場】\nセット\nSet date 型は特別な型の文字列であり、その中の個別の値はセミコロンで区切られます。コードで Set を定義する場合は、List データ型について説明されている規則を使用してください。\n保存されるデータという点では、セット リストとリスト リストは同じであり、セミコロンで区切られた 1 つ以上の項目を含む文字列です。違いは、リストには重複したアイテムが含まれる可能性があるため、Tinderbox が 2 つのデータ型を処理する方法にあります。Set タイプは Tinderbox の List タイプよりも古いものですが、List は基礎となる形式、Set は List の洗練された (重複を排除した) 形式と考える必要があります。\nSet は、リストされた項目の重複が望ましくないトピック、カテゴリ、タグのリストに役立ちます。\n[天文学;海洋生物学;化学]\n[犬;猫]\n[3;9;15]\nたとえ値が数値であっても、Set は常に文字列であることに注意してください。Set 内の項目値には明示的なデータ型がありません。Set は単一の値を持つことができます。上の 3 番目の例。単一の値の場合、最後のセミコロンを追加する必要はありません。複数の値の最後の場合も同様です。Tinderbox は、そこ (または複数の値の最後の後) にセミコロンを指定しても気にせず、データを処理するときにセミコロンを削除します。デフォルトの Set 値は空の文字列です。Set 型は、重複する値が許可されず、値のリストが常に A ～ Z 字句順に並べ替えられるという点で List 型とは異なります。\n表示された属性、情報ビュー、またはインスペクターのクイックスタンプを介して値をセットタイプの属性に直接適用するには、表示されている値をデータ ボックスに入力するだけです。これらすべてのメソッドでは、引用符を追加する必要はありませんが、各個別の値はセミコロンで区切る必要があります。\nレガシー: セットと自動並べ替え。v9 より前では、セットは常に再ソートされるわけではありませんでした。その後、大規模なセットのパフォーマンスを向上させるためにセットが再実装されました。これにより、セットは要素のシーケンスの制御をより積極的に主張できるようになりました。以前の使用と比較して、Set の値リスト内の項目の保存順序は、大文字と小文字を区別する字句ソート順序に最初に入力された順序から変更される可能性が大幅に高くなります。これにより、通常、作成されたままのアイテムの順序を保持するセットに慣れている長期ユーザーが見つかる可能性があります。後者が必要な場合は、代わりに List タイプを使用する方が合理的である可能性があります。\n新しいセットの宣言\nアクション コードを介して Set のリテラル値を設定する場合は、角括弧 [ ] Set 定義を使用します。\n$MySet=[カエル;犬;丸太];\n重要なのは、括弧表記は、現在非推奨となっている囲み引用符を使用する古い従来の方法を置き換えることです。\n$MySet=""カエル;犬;丸太"";注: これを新しいコードには使用しないでください。\nどちらの方法も機能し、後者の古い方法が多くのデモやチュートリアルで見られますが、現在は括弧で囲まれた記法が推奨される方法であり、古いコードを更新して再使用する必要があります。\n重要なのは、インスペクター、情報の取得、表示属性などの UI 入力ボックスにセットの値を入力/貼り付けるときは、囲み括弧または引用符 (上記で使用したもの) を省略する必要があります。つまり、[planes;trains;automobiles] ではなく、planes;trains;automobiles を使用します。誤って括弧が使用された場合、Tinderbox パーサーは、隣接する最も外側のペアを (引用符として) 無視する必要がありますが、ネストされたリストを暗示するものとしてリスト全体の値内の括弧を尊重する必要があります。Tinderbox がコード経由で Set を読み取り、値を括弧で囲んでレポート (ログ) する場合、Tinderbox はそれらを単にリストの区切り文字として無視することをコードで認識します。\nアクションでは、アイテムがまだ存在しない場合は + でセットに追加し、存在する場合は -- で削除します。これらは現在、一般的に += インクリメント演算子と -= (マイナス) デクリメント演算子に置き換えられています。\n値を追加する\nSet を使用すると、個々の値または複数の値を追加/削除し、その内容をテストできます。アクションでは、アイテムがまだ存在しない場合は + でセットに追加し、存在する場合は -- で削除します。値は二重引用符で囲む必要があります。\n$PetTypes の値が 'cats;dogs' の場合:\n$PetTypes=$PetTypes+[フクロウ;犬];セットは「猫、犬、カエル、フクロウ」です。\n値の削除\n$PetTypes の値が 'cats;dogs;frogs' の場合に値を削除するには:\n$PetTypes=$PetTypes-[猫;カエル];これにより、値として「犬」だけが残ります。\nセットとリストのテスト (クエリ)\nセットまたはリストをテストするには、.contains() 演算子の構文 AttributeName.contains(""tested_value"") を使用します。セット/リストの離散値が指定された testing_value と正確に一致する場合は true を返します。大文字と小文字の区別がクエリに無関係な場合は、.icontains() を使用します。ユーザー属性 $PetTypes の値が「dogs;cats」の場合、\n$PetTypes.contains(""犬"");そうです、\nしかし\n$PetTypes.contains(""犬"");偽です\nこれは、Set/List マッチングでは、String 型データとは異なり、正規表現によるような部分一致が許可されないためです。\n他のバリエーション:\n$PetTypes.contains(""Dogs""). lowercase() は true\n$PetTypes.icontains(""DOGS"") は true\n保存された値を検索語として使用すると便利です。たとえば、エージェントの名前を検索語として使用します。\n$PetTypes.contains($MyString) は true\nクエリでは、リストから 1 つの項目をテストできます。たとえば、メモの $MyList の場合"
String-Type Attributes,"[First introduced in v]\nString\nA sequence of characters, most often as words and sentences. If no default value is specified, a String type defaults to an empty string.\nStrings are not delimited (i.e. quotes are not required).\nThe set and action data types effectively special forms of the string data type.\nDefault/Empty value\nAn empty string.\nSorting order\nAscending order using literal string value in lexical sort order.\nString-type System Attributes\nBuilt-in attributes of the string data type are listed below:\n\n\nString-type System Attributes set via Document Settings\nA number of Document Settings controls set the defaults for String-type system attributes, directly or indirectly:\n* Text tab: \n** $TextAlign. (Deprecated)\n* Maps tab: \n** $Fill.\n** $MapBackgroundPattern.",【vで初登場】\n文字列\n一連の文字。ほとんどの場合は単語や文です。デフォルト値が指定されていない場合、String 型のデフォルトは空の文字列です。\n文字列は区切られていません (つまり、引用符は必要ありません)。\nセット データ型とアクション データ型は、実質的に文字列データ型の特殊な形式です。\nデフォルト/空の値\n空の文字列。\n並べ替え順序\n字句ソート順でリテラル文字列値を使用した昇順。\n文字列型のシステム属性\n文字列データ型の組み込み属性を以下に示します。\n\n\nドキュメント設定で設定された文字列型のシステム属性\n多くのドキュメント設定コントロールは、文字列型のシステム属性のデフォルトを直接的または間接的に設定します。\n* テキストタブ:\n** $TextAlign。(非推奨)\n*「マップ」タブ:\n** $Fill。\n** $MapBackgroundPattern。
URL-Type Attributes,"[First introduced in v]\nURL\nA URL string. If no default value is specified, a URL type defaults to an empty string. URLs are not delimited (i.e. quotes are not required).\nURL attributes behave like string attributes. When displayed in a note's displayed attributes table, URL-type attributes show a globe icon before the attribute value. Pressing the icon opens that attribute's stored URL (if any) in the default web browser.\nLinks dropped on a URL-type Displayed Attribute populate that attribute; links dropped on any other data type Displayed Attributes populate the system $URL.\nIf using a local path to a file, e.g. to enable AutoFetch use, you must use the file:// protocol rather than a bare file path.\nDefault/Empty value\nAn empty string.\nSorting order\nAs for String Data Type.\nURL-type System Attributes\nBuilt-in attributes of the URL data type are listed below:",【vで初登場】\nURL\nURL 文字列。デフォルト値が指定されていない場合、URL タイプはデフォルトで空の文字列になります。URL は区切られていません (つまり、引用符は必要ありません)。\nURL 属性は文字列属性のように動作します。ノートの表示属性テーブルに表示される場合、URL タイプの属性には属性値の前に地球のアイコンが表示されます。アイコンを押すと、その属性に保存されている URL (存在する場合) がデフォルトの Web ブラウザで開きます。\nURL タイプの表示属性にドロップされたリンクには、その属性が設定されます。他のデータ タイプにドロップされたリンク 表示される属性には、システムの $URL が設定されます。\nファイルへのローカル パスを使用する場合、例:AutoFetch の使用を有効にするには、裸のファイル パスではなく file:// プロトコルを使用する必要があります。\nデフォルト/空の値\n空の文字列。\n並べ替え順序\n文字列データ型については。\nURL タイプのシステム属性\nURL データ型の組み込み属性を以下に示します。
